,fuel,p1, p2,efpa,eazi,x,y,z,vx,vz,r,lon,lat,v,fpa,azi,m
0,1304.550787,18.92864776,3114.818994,-16.5,-0.5,14007.15176,536.5872498,3848.666667,-506.9375736,-164.5838065,3400848.667,0.201981962,-0.000602355,532.9854903,-0.313926944,0.108208598,7200
1,1304.156605,18.96138136,2945.701576,-16.5,-0.25,14013.73097,535.7968822,3854.821419,-506.9560316,-164.4953169,3400854.821,0.201944645,-0.000269564,532.9757286,-0.313758335,0.103557323,7200
2,1303.981421,18.93584598,2695.316368,-16.5,0,14010.15199,537.6324215,3851.633874,-506.7727503,-164.5122132,3400851.634,0.201943086,-0.0002265,532.8066148,-0.313894667,0.093261454,7200
3,1335.918987,19.73152629,2421.283374,-16.5,0.25,13650.08709,230.8212906,3040.623397,-485.7090779,-167.3967735,3400040.623,0.202055558,-0.000286643,513.7460346,-0.331895481,0.088293223,7200
4,1378.374016,20.42241359,2240.619487,-16.5,0.5,16679.83071,713.4691677,3465.381646,-494.7775196,-164.4056652,3400465.382,0.201152809,-0.000179781,521.3770388,-0.320804059,0.079336854,7200
5,1284.323328,22.53302684,3147.623494,-16.39230769,-0.5,12024.60567,777.5655447,3049.789246,-486.2471955,-165.3740354,3400049.789,0.202526334,-0.000257038,513.5999481,-0.327830657,0.137100932,7200
6,1285.472352,22.43890878,2812.627581,-16.39230769,-0.25,12019.91336,774.1482357,3043.068249,-486.0139213,-165.5020873,3400043.068,0.202578048,-0.000647355,513.4203664,-0.32821308,0.119285848,7200
7,1309.526053,22.30951762,2683.158537,-16.39230769,0,11707.49886,379.5689978,3087.755659,-487.2171905,-165.4455493,3400087.756,0.202627292,-0.000279563,514.5413691,-0.327355236,0.113572692,7200
8,1312.396665,21.17960439,2545.631959,-16.39230769,0.25,11983.83511,1118.524072,4176.513559,-515.7615616,-161.3139723,3401176.514,0.202521082,-8.59E-06,540.4000241,-0.303129466,0.095492065,7200
10,1280.185141,25.45115018,3007.218727,-16.28461538,-0.5,12017.4031,774.6416996,3041.587332,-485.4547082,-162.5894521,3400041.587,0.202596636,-0.000736993,511.9585957,-0.323179654,0.145052361,7200
11,1329.364308,24.73778477,2908.044526,-16.28461538,-0.25,13285.77519,291.8808759,4187.613172,-515.3674072,-157.12257,3401187.613,0.202174709,-0.000419062,538.7866613,-0.295923128,0.129294088,7200
12,1292.606858,25.31130183,2706.072003,-16.28461538,0,14001.80983,539.4761667,3848.368666,-505.6948884,-158.1141971,3400848.369,0.201954294,-0.000351391,529.8371632,-0.303037172,0.123801318,7200
13,1292.314057,25.21169663,2449.648178,-16.28461538,0.25,14011.24146,536.5390484,3858.810829,-505.8394089,-158.1405452,3400858.811,0.20197961,-0.000594597,529.9829616,-0.303003246,0.106280713,7200
14,1277.030353,25.39210987,2338.947414,-16.28461538,0.5,12025.06465,777.6926295,3051.646124,-485.1524402,-162.4419618,3400051.646,0.202520175,-0.000153056,511.6251374,-0.323093928,0.107743253,7200
15,1304.112786,27.20903608,3163.792261,-16.17692308,-0.5,11984.75294,1121.072275,4169.264182,-515.8684644,-154.374299,3401169.264,0.202527839,-0.000224303,538.4716304,-0.290769755,0.156613239,7200
16,1254.766126,28.57224944,2947.58802,-16.17692308,-0.25,12983.77811,1709.91303,3067.474257,-485.3246864,-158.5333937,3400067.474,0.202210859,-0.000118399,510.5613461,-0.315727425,0.161659575,7200
17,1303.794706,27.05101376,2640.199673,-16.17692308,0,11985.00715,1120.41429,4163.933895,-515.4102484,-154.5987846,3401163.934,0.202603214,-0.000760354,538.097118,-0.291413558,0.12304426,7200
18,1287.50699,27.99997337,2538.02015,-16.17692308,0.25,14014.09719,534.4732626,3864.077006,-506.2023297,-154.4926729,3400864.077,0.201951241,-0.000357403,529.2530439,-0.29622008,0.124799127,7200
19,1300.276818,28.00132274,2351.664891,-16.17692308,0.5,11705.41908,385.0750244,3069.978901,-485.5287741,-159.4160588,3400069.979,0.202629021,-0.000293566,511.0300092,-0.317245271,0.118137358,7200
20,1284.278922,30.58975756,3014.678178,-16.06923077,-0.5,14005.9993,537.1483833,3859.238674,-507.4437591,-150.8747121,3400859.239,0.202023639,-0.000835835,529.3980992,-0.288999046,0.165651662,7200
21,1330.260383,31.06838738,2807.979008,-16.06923077,-0.25,15046.43795,762.823729,3613.429581,-500.1226672,-151.3798183,3400613.43,0.201723951,-0.000912069,522.5308906,-0.293918619,0.156473525,7200
22,1250.005391,30.9108983,2586.971185,-16.06923077,0,12979.43329,1706.649558,3052.333778,-485.1565692,-155.4901714,3400052.334,0.202355414,-0.001047099,509.464513,-0.310151745,0.144429001,7200
23,1283.506077,30.49866786,2501.043262,-16.06923077,0.25,14010.81627,536.4910626,3864.153359,-507.0215801,-150.8062221,3400864.153,0.201995275,-0.000692991,528.9739117,-0.289102394,0.130422003,7200
24,1283.026646,30.51541797,2395.61687,-16.06923077,0.5,14000.35713,538.6157185,3852.611826,-506.5474006,-150.7711371,3400852.612,0.20195479,-0.000352055,528.5094179,-0.289294549,0.123914467,7200
25,1267.258444,33.25551767,3074.215455,-15.96153846,-0.5,12021.436,777.790248,3049.150858,-486.7034576,-152.2544857,3400049.151,0.202546942,-0.000452644,509.9624339,-0.30318369,0.192599542,7200
26,1321.433888,32.59973066,2870.173615,-15.96153846,-0.25,13286.5505,386.8371568,4083.931311,-515.3674953,-146.1449327,3401083.931,0.202223905,-0.000750505,535.688339,-0.276319986,0.16389002,7200
30,1279.752568,35.37029414,3078.847067,-15.85384615,-0.5,13992.58672,539.2354665,3852.194802,-511.3103964,-142.4950093,3400852.195,0.201991803,-0.000638736,530.7948277,-0.271789744,0.194096205,7200
31,1279.759781,35.33881247,2915.986959,-15.85384615,-0.25,14009.16104,534.9267266,3868.006658,-511.5566673,-142.3733424,3400868.007,0.201979957,-0.000592604,530.999428,-0.27144452,0.182255487,7200
32,1266.144334,35.524118,2756.100608,-15.85384615,0,12017.81948,779.5094939,3045.208055,-487.8574779,-148.3832627,3400045.208,0.20254269,-0.000409451,509.9240251,-0.295262419,0.18052413,7200
33,1378.820372,35.50938901,2729.6768,-15.85384615,0.25,13423.19634,3172.884249,3597.343006,-503.4437095,-144.0129825,3400597.343,0.202010316,0.00022994,523.6366181,-0.278615351,0.175453224,7200
34,1305.488719,35.82613184,2414.192641,-15.85384615,0.5,13649.20042,234.3334877,3034.831946,-486.9174456,-147.3051896,3400034.832,0.20208182,-0.000538578,508.7115271,-0.293772616,0.151591411,7200
35,1268.537572,37.81044999,3084.588123,-15.74615385,-0.5,12018.96658,777.5106995,3046.08112,-490.8117325,-144.2623693,3400046.081,0.202558894,-0.000532571,511.5738344,-0.285875119,0.215380632,7200
36,1279.894841,37.55735802,2929.891077,-15.74615385,-0.25,14004.32681,535.7843716,3867.317902,-514.9623542,-137.8257808,3400867.318,0.201987491,-0.000633251,533.0873963,-0.261513162,0.192342292,7200
37,1297.622108,37.39659658,2773.091694,-15.74615385,0,14152.34869,396.5367956,4045.735773,-520.0962818,-136.5767009,3401045.736,0.201942558,-0.000618516,537.7297997,-0.256800834,0.176965917,7200
38,1278.606385,37.44082509,2569.704689,-15.74615385,0.25,13989.10946,539.5047375,3851.502056,-513.8678145,-138.0452891,3400851.502,0.202024464,-0.000815186,532.0870536,-0.262443517,0.160571012,7200
39,1239.365349,37.94029525,2513.50484,-15.74615385,0.5,12984.6781,1711.975454,3067.838273,-490.6197454,-143.2333011,3400067.838,0.202211555,-0.000148383,511.1002966,-0.284049324,0.169585584,7200
40,1282.786936,39.66793019,3048.248734,-15.63846154,-0.5,13998.63855,537.2436789,3866.896034,-519.6308133,-133.2272135,3400866.896,0.202064941,-0.001006391,536.4379485,-0.250981999,0.208166313,7200
41,1271.463604,39.95253654,2943.059683,-15.63846154,-0.25,12021.68681,776.8912622,3051.32707,-494.2601932,-139.8138704,3400051.327,0.202557124,-0.000526126,513.6546086,-0.275672729,0.213442966,7200
42,1281.267316,39.68206914,2795.142134,-15.63846154,0,13987.08448,539.9609566,3855.012334,-518.8978197,-133.0730541,3400855.012,0.201990219,-0.000617906,535.6896349,-0.251043067,0.189109438,7200
43,1242.385371,39.94205384,2520.113081,-15.63846154,0.25,12989.57232,1716.833292,3082.120779,-494.5387871,-139.1548595,3400082.121,0.202382636,-0.001150404,513.743795,-0.274290795,0.171455847,7200
44,1280.209234,39.53612585,2449.3306,-15.63846154,0.5,13992.60517,539.5201397,3859.95939,-518.3253137,-133.141127,3400859.959,0.20201886,-0.000792276,535.1520256,-0.251432037,0.154862827,7200
45,1279.189217,41.99453542,3037.899406,-15.53076923,-0.5,12023.61737,774.3810497,3054.34724,-499.0544559,-135.439166,3400054.347,0.202666593,-0.001018008,517.1064857,-0.265008385,0.226797281,7200
46,1279.067727,42.05573308,2963.038918,-15.53076923,-0.25,12029.90555,773.4884613,3065.251739,-499.3973543,-135.0501912,3400065.252,0.202560018,-0.00056015,517.3357436,-0.264109149,0.222720299,7200
47,1286.355191,41.71385639,2766.216535,-15.53076923,0,13979.83965,540.2777196,3851.654639,-524.4921111,-128.1958594,3400851.655,0.202054023,-0.000938128,539.9316188,-0.239719139,0.191176471,7200
48,1277.358593,41.98653076,2667.791021,-15.53076923,0.25,12028.50363,774.1148892,3063.531666,-498.7790601,-135.0201365,3400063.532,0.202546548,-0.00046513,516.7310598,-0.264365362,0.195733288,7200
49,1286.305255,41.67597118,2527.392633,-15.53076923,0.5,13996.24437,536.1982257,3867.768494,-524.6095631,-127.8284112,3400867.768,0.201976236,-0.000538091,539.9586062,-0.23900644,0.169167382,7200
50,1297.780259,43.7974011,3091.935215,-15.42307692,-0.5,13985.29049,541.0703859,3863.154851,-532.9806861,-122.8735353,3400863.155,0.202087162,-0.001076129,546.9609835,-0.226581496,0.22558833,7200
51,1255.45523,44.19413524,2858.671432,-15.42307692,-0.25,12980.96338,1713.322014,3053.663803,-505.1462286,-129.8171998,3400053.664,0.202440517,-0.001313714,521.5603682,-0.251545978,0.216570123,7200
52,1309.444575,44.56243147,2801.223451,-15.42307692,0,14321.62925,346.723909,3065.987341,-506.5861087,-128.0960656,3400065.987,0.201922958,-0.000796932,522.5304656,-0.247669914,0.214319115,7200
53,1296.064103,43.76503949,2699.4098,-15.42307692,0.25,13985.68323,538.2886097,3862.950337,-532.3105118,-122.5344996,3400862.95,0.201991913,-0.000626145,546.2318048,-0.226252301,0.191032701,7200
54,1295.053207,43.71882834,2556.049203,-15.42307692,0.5,13983.57463,539.2260284,3860.979158,-531.8845958,-122.5180141,3400860.979,0.201983665,-0.000565502,545.8130513,-0.226397917,0.176250628,7200
55,1316.236336,46.61121459,3087.439179,-15.31538462,-0.5,14325.24931,348.4362711,3041.472864,-514.5341511,-123.2606122,3400041.473,0.201998495,-0.001124328,529.0922142,-0.235126717,0.245478622,7200
56,1312.108143,45.84992374,3023.081121,-15.31538462,-0.25,13961.05718,545.8823823,3839.962612,-541.69207,-117.2280383,3400839.963,0.202023235,-0.000766326,554.2316408,-0.213124278,0.22649457,7200
57,1314.650686,46.59611505,2829.166306,-15.31538462,0,14326.91909,350.2693279,3046.826542,-514.3169436,-122.9645065,3400046.827,0.201927369,-0.000827622,528.8120539,-0.234677869,0.221898581,7200
58,1332.471166,46.38821397,2632.987517,-15.31538462,0.25,14170.44072,897.4807273,3120.374995,-515.9144238,-122.7361673,3400120.375,0.202026519,-0.001080835,530.3129825,-0.23355864,0.198304604,7200
59,1313.277427,46.4992595,2547.022928,-15.31538462,0.5,14327.32529,347.3131965,3058.480683,-513.9871784,-122.7807885,3400058.481,0.201904263,-0.000702916,528.4486178,-0.234484848,0.191628328,7200
60,1326.977464,48.64318467,3153.32514,-15.20769231,-0.5,14332.83084,352.9604962,3036.852188,-525.1071704,-117.6868071,3400036.852,0.201956947,-0.000971417,538.1335568,-0.220476304,0.256866166,7200
61,1325.872473,48.61391691,3006.5288,-15.20769231,-0.25,14334.66625,352.4031783,3046.582662,-525.128403,-117.5496843,3400046.583,0.201943278,-0.000914171,538.1243052,-0.220219027,0.242880683,7200
62,1324.976576,48.58640841,2861.317727,-15.20769231,0,14333.72796,351.0692489,3042.73851,-524.6267375,-117.5216407,3400042.739,0.201930883,-0.000854975,537.6286355,-0.220371956,0.228460836,7200
63,1324.218008,48.49417758,2686.529878,-15.20769231,0.25,14336.2733,353.6895479,3055.833642,-524.4194537,-117.4900581,3400055.834,0.201956919,-0.000975716,537.419461,-0.220398922,0.208568578,7200
64,1330.639984,47.9475554,2540.561156,-15.20769231,0.5,12016.30846,771.6333854,3054.510237,-521.0560423,-119.7851469,3400054.51,0.202634976,-0.000897164,534.6474358,-0.225963134,0.191760944,7200
65,1343.476675,50.5945346,3191.40552,-15.1,-0.5,14343.01367,352.9398314,3045.971875,-538.4621728,-111.9998772,3400045.972,0.201960181,-0.000997753,549.9868036,-0.205075447,0.263091499,7200
66,1373.753827,50.12917621,3081.879716,-15.1,-0.25,12007.0578,771.6309986,3051.974779,-534.8845222,-114.1083972,3400051.975,0.202585698,-0.000667267,546.9206327,-0.210182049,0.253700914,7200
67,1370.121989,50.55619112,2916.106858,-15.1,0,14722.1794,697.6475296,3133.793105,-541.838199,-110.672515,3400133.793,0.201801211,-0.000807351,553.0253516,-0.201482393,0.234521605,7200
68,1368.355742,50.43374382,2706.193042,-15.1,0.25,14721.62353,716.9704965,3133.571239,-540.6491039,-110.884303,3400133.571,0.201869356,-0.001108659,551.9028739,-0.202289542,0.209719411,7200
69,1339.862838,50.40400052,2580.936401,-15.1,0.5,14345.10978,357.5383715,3055.963176,-536.835438,-111.763037,3400055.963,0.201943743,-0.000930491,548.3459345,-0.205256706,0.197178161,7200
70,1329.878669,21.74855593,2263.793704,-16.4,0.5,11431.89133,283.6410608,3217.600372,-490.6477853,-165.375889,3400217.6,0.202704339,-0.000208943,517.7687069,-0.325097404,0.086914708,7200
71,1284.567711,31.56911781,2749.778004,-16,0,11433.99087,502.4407132,3750.06749,-505.5558426,-150.5960934,3400750.067,0.202716057,-0.000375931,527.5091405,-0.28951274,0.155727127,7200
72,1312.627496,31.96309422,2558.170851,-16,0.25,11424.54711,288.0111294,3240.690164,-491.1927988,-153.1131641,3400240.69,0.202725236,-0.000411474,514.5036507,-0.302171406,0.147820962,7200
73,1312.944057,31.83485296,2397.583352,-16,0.5,11796.54177,211.7937415,3446.903384,-496.6146327,-151.8739819,3400446.903,0.202613668,-0.000396347,519.3185918,-0.296786356,0.132316524,7200
74,1281.065998,36.57738137,3076.518333,-15.8,-0.5,12915.15434,554.8399778,3446.671195,-500.963302,-143.4905628,3400446.671,0.202308043,-0.000610592,521.1082148,-0.278960576,0.204082525,7200
75,1271.791977,36.22530466,2920.126854,-15.8,-0.25,10389.50257,447.3745082,3091.5684,-490.6359733,-147.338781,3400091.568,0.2030384,-0.000464821,512.2815385,-0.291733493,0.195462261,7200
76,1307.625147,36.33153536,2750.067333,-15.8,0,11425.46471,286.8509368,3223.782536,-494.1140397,-145.8773355,3400223.783,0.202740407,-0.000521681,515.197905,-0.287075012,0.18078502,7200
77,1258.474373,36.14526343,2609.600201,-15.8,0.25,10383.92346,479.5438891,3104.522752,-490.5699887,-147.2556981,3400104.523,0.203027639,-0.000378632,512.1944499,-0.29161519,0.170200028,7200
78,1279.954277,36.45084888,2456.780477,-15.8,0.5,12915.84706,558.8502324,3434.659661,-499.7043045,-143.5100717,3400434.66,0.202281647,-0.000419253,519.9033878,-0.279663452,0.153630015,7200
79,1335.701896,18.64306263,3012.512044,-16.5,-0.375,11432.05396,284.9737954,3217.867096,-492.0134208,-167.957796,3400217.867,0.202726966,-0.000442241,519.8913612,-0.32896453,0.106827721,7200
80,1371.233944,19.52455599,2893.97998,-16.5,-0.125,12974.34534,1708.400893,3094.155615,-487.6214095,-167.47722,3400094.156,0.202212656,7.87E-05,515.5805061,-0.330834445,0.110497618,7200
81,1326.344951,18.25098493,2554.474584,-16.5,0.125,11788.7431,211.2918917,3622.406478,-502.1457412,-166.4945804,3400622.406,0.202601047,-0.000232113,529.0281569,-0.320159337,0.084845177,7200
82,1316.162693,18.23615325,2257.669033,-16.5,0.375,11807.86385,493.666046,3580.511011,-500.9638859,-166.6529547,3400580.511,0.202606866,-0.000387935,527.9564587,-0.321148581,0.069955463,7200
83,1320.538372,20.82591795,3046.093243,-16.4,-0.375,10870.37435,89.87489037,3942.695183,-510.5398002,-163.1273792,3400942.695,0.202882881,-0.000346442,535.9677504,-0.309266941,0.116739652,7200
84,1312.681967,22.16681873,2724.120036,-16.4,-0.125,12914.8375,546.0812377,3387.292035,-494.5184064,-164.043461,3400387.292,0.20230387,-0.000583018,521.0169972,-0.320301159,0.1115617,7200
85,1305.979151,22.12018849,2589.349593,-16.4,0.125,12906.46594,548.9029761,3447.197279,-495.9575114,-163.771036,3400447.197,0.202268938,-0.000239831,522.2976214,-0.318938573,0.105612134,7200
86,1330.089248,21.76089843,2327.44325,-16.4,0.375,11442.28808,276.4705173,3207.026988,-490.4243843,-165.4301261,3400207.027,0.202716784,-0.000383914,517.5743456,-0.325334569,0.090033566,7200
87,1294.189267,24.3081424,3034.030835,-16.3,-0.375,11602.82268,606.0975452,3695.861749,-503.0392075,-160.6662905,3400695.862,0.202656311,-0.000291012,528.0739542,-0.309150587,0.137377,7200
88,1300.75671,24.91043561,2728.814922,-16.3,-0.125,12908.34816,555.7406938,3448.732604,-495.6443989,-160.9625765,3400448.733,0.202314092,-0.000634892,521.1260128,-0.314009522,0.124683458,7200
89,1325.26162,24.64653675,2555.682891,-16.3,0.125,11440.58405,277.0196718,3208.047522,-489.8847084,-162.686511,3400208.048,0.202728295,-0.000470075,516.1917554,-0.320632421,0.115783576,7200
90,1324.956403,24.58211327,2365.86974,-16.3,0.375,11426.91075,285.9779869,3225.538736,-490.2299201,-162.6314487,3400225.539,0.202727075,-0.000431472,516.5020452,-0.320320601,0.103560208,7200
91,1309.593212,27.04402751,2960.62243,-16.2,-0.375,11785.94439,213.8012447,3605.722432,-500.4445203,-157.9077324,3400605.722,0.202641601,-0.000572271,524.7662049,-0.305647403,0.147533397,7200
92,1291.427621,27.10037153,2808.352471,-16.2,-0.125,10384.23363,478.0832984,3103.720348,-487.4315213,-160.7250064,3400103.72,0.203018834,-0.000300415,513.2465447,-0.318511848,0.144335908,7200
93,1305.597231,26.78800836,2602.987411,-16.2,0.125,12021.00065,23.6443291,3891.043161,-507.7741592,-156.4978605,3400891.043,0.202553152,-0.00044187,531.3437466,-0.298966003,0.123226713,7200
94,1305.997517,26.12165225,2430.304614,-16.2,0.375,10194.82369,26.74219286,3949.54976,-510.0539015,-157.4091158,3400949.55,0.203081695,-0.000334114,533.7907944,-0.299339512,0.108937154,7200
95,1282.359488,29.51666753,2936.967845,-16.1,-0.375,10394.69974,470.7485508,3115.320928,-487.9587819,-157.7120987,3400115.321,0.203067121,-0.000632661,512.8127133,-0.312610089,0.162783,7200
96,1292.118924,29.93752748,2742.425195,-16.1,-0.125,12913.36996,553.7347207,3415.404029,-495.0015709,-154.8019679,3400415.404,0.202329336,-0.000726795,518.6426559,-0.303094625,0.149341228,7200
97,1307.849896,29.46793184,2626.775077,-16.1,0.125,11782.01501,213.7885652,3585.792924,-499.9115985,-154.6826309,3400585.793,0.20262061,-0.000418733,523.295636,-0.300076405,0.139147416,7200
98,1280.13875,29.47451687,2468.415799,-16.1,0.375,10378.57396,485.3690972,3100.162585,-487.0608951,-157.6967977,3400100.163,0.203016903,-0.000262502,511.9537045,-0.313121033,0.132663431,7200
99,1313.189643,32.02395433,2942.629918,-16,-0.375,11425.17696,287.2648777,3227.074492,-491.2711576,-153.2538971,3400227.074,0.202766797,-0.000668081,514.6203525,-0.302387172,0.17476523,7200
100,1312.90973,31.99896711,2773.346623,-16,-0.125,11425.78907,287.345821,3226.367097,-491.0666397,-153.2471061,3400226.367,0.202759091,-0.000629821,514.4230945,-0.302492965,0.163159218,7200
101,1271.409875,31.82955641,2653.243222,-16,0.125,10384.74823,477.870028,3104.541426,-487.8517021,-154.4141274,3400104.541,0.203022462,-0.000336512,511.7059761,-0.306541722,0.156168224,7200
102,1283.279778,31.55620559,2441.965136,-16,0.375,11584.03153,578.2833652,3678.63486,-503.2037707,-150.9501802,3400678.635,0.202705955,-0.000616417,525.3570136,-0.291436829,0.13165394,7200
103,1283.111441,33.90673061,3015.768933,-15.9,-0.375,11624.72288,634.4312147,3716.837443,-506.4403068,-146.8821248,3400716.837,0.202666178,-0.000446059,527.3102909,-0.282283715,0.185046396,7200
104,1266.330183,34.06359117,2830.184703,-15.9,-0.125,10397.93792,468.866877,3121.104712,-489.5965766,-150.8586969,3400121.105,0.203027524,-0.000408686,512.3115792,-0.298897421,0.17884194,7200
105,1282.805292,34.41545925,2665.082584,-15.9,0.125,12914.64348,558.7184965,3432.814259,-497.7399178,-147.4474864,3400432.814,0.202286651,-0.000459233,519.1202048,-0.287998177,0.164211258,7200
106,1281.472927,33.80602245,2528.17962,-15.9,0.375,11616.31737,625.6611524,3709.808285,-505.6133048,-146.9136537,3400709.808,0.202654891,-0.000322876,526.524867,-0.282778739,0.14823153,7200
107,1308.638729,36.26031982,2965.900259,-15.8,-0.375,11802.09423,217.0335022,3438.149995,-500.5832143,-144.4968669,3400438.15,0.202667349,-0.000732263,521.0210159,-0.281018195,0.193935321,7200
108,1299.481896,35.92381314,2833.279709,-15.8,-0.125,12016.67672,21.8573868,3877.458286,-513.1998453,-141.7501386,3400877.458,0.202581489,-0.000620013,532.4163625,-0.269489358,0.177999756,7200
109,1280.403611,36.45337861,2627.029439,-15.8,0.125,12915.0316,555.3515844,3437.731332,-500.0595761,-143.6489331,3400437.731,0.202342486,-0.000793827,520.2831879,-0.279731492,0.167173488,7200
110,1259.036288,36.12689298,2534.09361,-15.8,0.375,10374.63988,490.8448483,3097.49797,-490.2598691,-147.2966635,3400097.498,0.203027383,-0.00035504,511.9092169,-0.291866006,0.163661105,7200
111,1280.015518,38.54036063,2951.805864,-15.7,-0.375,12917.27511,556.9094211,3450.456889,-504.0143735,-139.4976716,3400450.457,0.202371426,-0.000921905,522.962799,-0.270013993,0.201563873,7200
112,1265.766405,38.27505117,2858.428471,-15.7,-0.125,10362.53293,504.3723357,3081.385996,-492.7626825,-143.5006881,3400081.386,0.203044774,-0.00045912,513.232412,-0.283379306,0.199534557,7200
113,1278.173272,38.15238333,2708.475286,-15.7,0.125,10183.8097,498.8889231,3136.766563,-494.1344504,-143.3122837,3400136.767,0.203090786,-0.000409677,514.4970998,-0.282282237,0.185867947,7200
114,1280.097456,38.45766244,2499.479925,-15.7,0.375,12916.13433,552.9988255,3426.834223,-502.5577571,-139.5594661,3400426.834,0.202338298,-0.000775378,521.5756358,-0.270873122,0.162388239,7200
115,1259.082812,40.2303177,2981.329205,-15.6,-0.375,10391.71092,473.1395813,3112.77884,-497.2578953,-139.3421853,3400112.779,0.203105654,-0.000790291,516.4122956,-0.273213775,0.215529241,7200
116,1257.953749,40.26005811,2875.317454,-15.6,-0.125,10390.23222,473.2082724,3110.645031,-497.0612496,-139.1777977,3400110.645,0.203042779,-0.000495897,516.1785982,-0.273009912,0.208189891,7200
117,1309.369954,39.97497698,2709.997799,-15.6,0.125,10322.75126,19.34620849,3362.502064,-504.3212356,-137.7415994,3400362.502,0.203080465,-0.000575953,522.7931301,-0.266620104,0.188812546,7200
118,1256.714951,40.17838784,2577.661452,-15.6,0.375,10393.52756,470.6348315,3115.012251,-496.6574315,-139.1201788,3400115.012,0.203029571,-0.000414306,515.7742029,-0.27311344,0.18093861,7200
119,1309.693224,42.38519528,3032.089604,-15.5,-0.375,11431.12757,283.120404,3206.445495,-505.1968433,-133.3552132,3400206.445,0.202766854,-0.000676975,522.5011611,-0.258080115,0.227258374,7200
120,1282.857346,42.49950195,2892.519469,-15.5,-0.125,12920.54328,557.0315521,3448.198524,-513.2880804,-130.3348388,3400448.199,0.202311442,-0.000640797,529.5770234,-0.248665993,0.212208363,7200
121,1297.804385,41.89129245,2706.471269,-15.5,0.125,11611.86144,625.0238875,3703.491045,-520.2257882,-129.9277802,3400703.491,0.202740992,-0.000821512,536.2052767,-0.244745869,0.188572192,7200
122,1281.732781,42.41715203,2600.322202,-15.5,0.375,12920.79296,556.6032206,3452.657028,-512.8145524,-130.2501773,3400452.657,0.20229497,-0.000535949,529.0972253,-0.248731167,0.184295673,7200
123,1312.217714,43.94350914,3034.124976,-15.4,-0.375,10705.39315,422.1551497,3392.379832,-516.6851315,-128.1831219,3400392.38,0.203023353,-0.00083686,532.348042,-0.243177853,0.22914566,7200
124,1272.866791,44.14354047,2918.698085,-15.4,-0.125,10383.60882,476.7368972,3102.889823,-507.0511139,-130.2756446,3400102.89,0.203053238,-0.000545316,523.5194129,-0.25148846,0.225049279,7200
125,1271.227395,44.04974487,2726.116964,-15.4,0.125,10386.25946,475.353876,3105.954403,-506.6175145,-130.3940806,3400105.954,0.203099301,-0.000759799,523.1289728,-0.251913995,0.205131901,7200
126,1269.895586,44.0075419,2582.069076,-15.4,0.375,10384.63324,475.912009,3103.990812,-506.2285586,-130.3727822,3400103.991,0.203088886,-0.000715925,522.7469904,-0.252060001,0.19033736,7200
127,1326.592912,45.8141959,3061.053725,-15.3,-0.375,10703.16743,418.9039137,3402.36521,-524.6269879,-123.2031377,3400402.365,0.203030076,-0.000858379,538.8993316,-0.230659851,0.236586434,7200
128,1320.289529,46.14468179,2903.631458,-15.3,-0.125,11442.52998,274.8833691,3177.658868,-517.4027378,-124.097904,3400177.659,0.202799772,-0.000834563,532.076952,-0.235401057,0.226275367,7200
129,1313.759784,45.87071209,2759.418187,-15.3,0.125,11799.07602,472.4299742,3522.216861,-529.0173502,-121.1654982,3400522.217,0.202692342,-0.000845261,542.7157956,-0.225155288,0.205602115,7200
130,1286.956489,45.9464463,2653.718309,-15.3,0.375,10389.51775,470.2733568,3109.362736,-513.744639,-125.3586304,3400109.363,0.203040651,-0.000481168,528.8178706,-0.239332754,0.203050898,7200
131,1326.76251,47.636297,3111.531352,-15.2,-0.375,10321.28279,40.38487279,3371.643937,-532.647304,-118.6290736,3400371.644,0.203120533,-0.000752797,545.6977255,-0.219139432,0.246457159,7200
132,1312.053218,47.83410076,2929.049092,-15.2,-0.125,10386.08328,471.6884546,3104.30939,-522.8226052,-120.6727507,3400104.309,0.20312181,-0.000842402,536.568159,-0.226837674,0.233457091,7200
133,1325.44108,47.59697709,2813.876682,-15.2,0.125,10315.29913,32.06395441,3345.019847,-530.9658707,-118.7469404,3400345.02,0.203101495,-0.000665961,544.0823391,-0.220022707,0.217999145,7200
134,1324.067474,47.53473228,2673.05924,-15.2,0.375,10320.95428,37.30976406,3370.079964,-531.4712309,-118.4865934,3400370.08,0.203085865,-0.000600658,544.518817,-0.219353554,0.202622502,7200
135,1341.304312,49.4650217,3149.860637,-15.1,-0.375,10321.60961,39.77110545,3374.454306,-544.1376421,-113.3525585,3400374.454,0.203119636,-0.00074967,555.8188338,-0.205378744,0.253152837,7200
136,1331.810071,49.83085371,2956.755373,-15.1,-0.125,12930.64775,556.7385054,3465.422059,-550.9447832,-110.0315708,3400465.422,0.20239643,-0.001031447,561.8247954,-0.197120867,0.231110058,7200
137,1344.685412,49.8138083,2820.225988,-15.1,0.125,11444.0168,266.6951262,3151.102464,-536.5723989,-114.0051686,3400151.102,0.202796718,-0.000824081,548.5500139,-0.209356031,0.223755295,7200
138,1343.97316,49.82939649,2699.562242,-15.1,0.375,11436.81817,260.5772433,3117.474479,-535.126679,-114.117383,3400117.474,0.202756542,-0.000632772,547.1593366,-0.210105773,0.21180214,7200
139,1508.589512,10.19207074,3491.488642,-16.8,-0.5,19516.01337,92.81553936,3138.498365,-488.2583887,-171.4594312,3400138.498,0.20033041,-0.000361327,517.4887348,-0.337712621,0.06768942,7200
140,1446.955522,8.611114612,3345.56996,-16.8,-0.375,17559.80912,198.1331649,3109.712548,-488.9483295,-172.3974178,3400109.713,0.200905936,-0.000341638,518.4509028,-0.338978714,0.054851415,7200
141,1510.486776,9.698849749,3486.883765,-16.8,-0.25,18652.30676,2765.971969,3115.76946,-488.1750904,-171.821944,3400115.769,0.200530622,0.000438013,517.5303849,-0.338426851,0.068228731,7200
142,1510.463724,9.694905174,3236.315053,-16.8,-0.125,18647.02546,2773.426505,3113.290469,-488.0996146,-171.8346966,3400113.29,0.200533922,0.000463542,517.4634255,-0.338498523,0.064028295,7200
143,1510.460468,9.681273638,2994.646745,-16.8,0,18646.12768,2774.778568,3113.048465,-488.077872,-171.8411644,3400113.048,0.200536306,0.000488859,517.4450647,-0.338524266,0.059524313,7200
144,1542.358942,10.37929387,2887.342613,-16.8,0.125,19442.16495,3796.599703,3103.598882,-487.193753,-171.4812766,3400103.599,0.200282057,0.000756815,516.4916081,-0.338435493,0.06270325,7200
147,1507.596283,10.66885789,1768.239939,-16.8,0.5,20164.34012,633.8525906,3077.775704,-486.0656786,-171.3379218,3400077.776,0.200134941,-0.000337968,515.3799834,-0.338899832,0.025513764,7200
148,1447.533076,12.07237469,3410.849243,-16.73333333,-0.5,17035.70132,354.0475645,3169.929535,-489.8948151,-170.9822339,3400169.93,0.201056632,-0.000291302,518.8755672,-0.335799947,0.078886498,7200
149,1384.245955,10.69393308,3208.678471,-16.73333333,-0.375,15108.56295,302.9835702,3177.731496,-491.4876306,-171.8390758,3400177.731,0.201631855,-0.00037924,520.6618471,-0.336345623,0.065302778,7200
150,1471.788112,12.84445058,3014.47615,-16.73333333,-0.25,17855.10584,692.9030349,3038.322405,-485.8693658,-170.9460104,3400038.322,0.200807622,-0.00019305,515.0646359,-0.338308924,0.075496472,7200
151,1446.551065,12.08583099,2820.926096,-16.73333333,-0.125,17025.42328,367.9545596,3151.595497,-489.3420126,-171.0366882,3400151.595,0.201055935,-0.00022002,518.3716369,-0.33625054,0.065511737,7200
152,1443.945561,12.46616984,2566.281031,-16.73333333,0,17559.76991,197.771948,3108.043435,-487.825034,-170.9267921,3400108.043,0.20090767,-0.000366706,516.9035037,-0.33701816,0.059732779,7200
153,1447.981614,11.92319968,2493.221988,-16.73333333,0.125,17266.88215,640.7524815,3311.806174,-493.2095444,-170.495932,3400311.806,0.200978558,-9.37E-05,521.8472166,-0.332826993,0.055505154,7200
156,1423.009519,10.87084673,1770.099563,-16.73333333,0.5,15574.38793,949.3773559,3185.689096,-491.1893425,-171.6257935,3400185.689,0.201487972,-0.000395459,520.3098915,-0.336147886,0.025319162,7200
157,1382.966708,13.99498295,3246.793865,-16.66666667,-0.5,15119.63353,306.1837592,3206.440008,-491.3022859,-170.2506241,3400206.44,0.201637644,-0.000473572,519.9646248,-0.333579518,0.086330869,7200
158,1381.646482,14.05555553,3070.718756,-16.66666667,-0.375,15104.25178,298.4250004,3162.533599,-490.1463583,-170.3755927,3400162.534,0.201640085,-0.000452969,518.913572,-0.334536445,0.082275519,7200
159,1389.15383,13.67023698,3050.331398,-16.66666667,-0.25,14196.92128,877.2987077,3114.803607,-489.4861269,-170.8687706,3400114.804,0.20187776,-8.23E-05,518.4523172,-0.335853079,0.081384299,7200
160,1316.257809,10.84773554,2774.427142,-16.66666667,-0.125,11620.97204,627.2963517,3708.387741,-506.7136333,-170.508733,3400708.388,0.202658494,-0.00037196,534.6325226,-0.324597124,0.054858569,7200
161,1335.920556,11.18895033,2677.473597,-16.66666667,0,11787.18492,214.1824756,3612.109565,-504.0443,-170.6724677,3400612.11,0.20259616,-0.000130109,532.155755,-0.326488502,0.055667882,7200
163,1441.020772,15.39771056,2333.94387,-16.66666667,0.25,17561.23715,195.2525906,3118.243158,-487.0923832,-169.3415996,3400118.243,0.200901781,-0.000279447,515.6894095,-0.334586949,0.065195973,7200
165,1389.613341,13.29120872,2024.725856,-16.66666667,0.5,13628.6402,241.0346871,3053.039422,-488.1572409,-171.3156044,3400053.039,0.202053074,-0.000109378,517.3456564,-0.337515095,0.044946081,7200
166,1370.41622,15.89969222,3255.083465,-16.6,-0.5,14322.81414,257.5304262,3530.494836,-499.3759608,-168.061127,3400530.495,0.201860557,-0.000335623,526.8974214,-0.324635825,0.097650596,7200
167,1318.225939,15.28379799,3042.694199,-16.6,-0.375,12907.29025,553.2544693,3434.057751,-497.8335407,-169.0743469,3400434.058,0.202293177,-0.000493126,525.7607526,-0.327398059,0.087192009,7200
168,1332.512683,14.46781502,2997.649157,-16.6,-0.25,11783.66889,217.236586,3598.148322,-502.8202629,-169.1061559,3400598.148,0.202601683,-0.000219402,530.4951543,-0.324431934,0.081713721,7200
169,1319.031505,15.28904749,2735.135118,-16.6,-0.125,12909.28715,548.8792379,3418.34667,-497.340132,-169.118685,3400418.347,0.202287884,-0.00045528,525.3078493,-0.327780032,0.077490388,7200
170,1318.081531,15.2537836,2587.768437,-16.6,0,12907.67779,552.2616178,3431.390076,-497.6391452,-169.0819074,3400431.39,0.202286024,-0.000435827,525.5791189,-0.327530623,0.072086947,7200
171,1317.985545,15.22815266,2444.107144,-16.6,0.125,12907.00179,553.9913345,3436.269773,-497.7274319,-169.0684353,3400436.27,0.20228391,-0.000415478,525.6583798,-0.327452324,0.066571816,7200
172,1311.925675,14.12216153,2291.42452,-16.6,0.25,11595.65818,590.2165602,3683.702955,-505.0576064,-168.979723,3400683.703,0.202665396,-0.000361215,532.5761284,-0.32286777,0.055024014,7200
173,1423.128852,17.09703791,2309.667594,-16.6,0.375,15820.53089,939.7860303,3144.227723,-488.054627,-168.4706789,3400144.228,0.20139914,-5.97E-05,516.3135565,-0.332381688,0.072124123,7200
174,1317.864257,15.16699828,2036.255773,-16.6,0.5,12907.98239,552.8350971,3431.867665,-497.515843,-169.0822812,3400431.868,0.202276845,-0.000348197,525.4624932,-0.327606786,0.048876296,7200
175,1567.611474,11.64611701,2087.883252,-16.8,0.375,22459.88294,395.6817644,3429.269368,-493.3477938,-169.2709145,3400429.269,0.199453197,-0.000151279,521.5790335,-0.33052061,0.040494187,7200
176,1327.38582,8.309119094,2224.206727,-16.73333333,0.25,12913.15413,562.4940049,3418.818255,-499.1971845,-172.1893021,3400418.818,0.202259447,4.07E-05,528.0596413,-0.332153174,0.032834866,7200
177,1446.489558,12.0074814,2123.365694,-16.73333333,0.375,17026.85591,367.7206018,3151.40707,-489.2332407,-171.0439044,3400151.407,0.20105195,-0.000112645,518.2713393,-0.336332932,0.044063258,7200
178,1322.294437,12.26135913,2523.089414,-16.66666667,0.125,12905.55513,550.0787274,3439.121617,-498.7035719,-170.6159431,3400439.122,0.202262045,-5.67E-05,527.0816376,-0.329636661,0.057519731,7200
179,1419.953221,14.26415492,2257.943536,-16.66666667,0.375,15574.36255,959.2455815,3174.065129,-489.8752545,-170.0970756,3400174.065,0.201470768,1.41E-05,518.5660807,-0.334200779,0.058444589,7200
180,1474.936256,9.385433788,2272.694073,-16.8,0.25,18229.67121,914.9734149,3028.469398,-486.2511227,-172.2869418,3400028.469,0.200691309,5.61E-05,515.8710543,-0.340515333,0.039701219,7200
181,1367.458576,51.72709591,3227.518355,-15,-0.5,11436.50606,259.610749,3112.484739,-549.7632049,-109.2280129,3400112.485,0.202836765,-0.000961247,560.5090011,-0.196127861,0.266775301,7200
182,1368.191829,51.71632123,3179.656606,-15,-0.375,11445.83009,262.8440752,3148.287828,-551.3206371,-108.7538628,3400148.288,0.202789877,-0.00079861,561.9447016,-0.194760179,0.262191069,7200
183,1367.110595,51.67605596,3078.508737,-15,-0.25,11445.07887,266.9131731,3145.800519,-550.6861797,-108.8707396,3400145.801,0.202820651,-0.000914908,561.3449086,-0.195183189,0.251611335,7200
184,1366.335033,51.70328137,3002.520236,-15,-0.125,11431.03799,256.943879,3100.336848,-548.681583,-109.2312375,3400100.337,0.202817822,-0.000889051,559.4487847,-0.196510276,0.244832435,7200
185,1365.688404,51.67900856,2928.911772,-15,0,11434.48908,258.0529994,3108.722881,-548.789486,-109.1199851,3400108.723,0.202810008,-0.000864002,559.5329044,-0.19627762,0.236953807,7200
186,1387.240658,52.24980692,2835.353275,-15,0.125,14198.12609,266.1883284,3052.257182,-551.6964718,-106.7532139,3400052.257,0.202008889,-0.001014853,561.9299295,-0.191137726,0.226470688,7200
187,1387.174199,52.25822196,2788.650576,-15,0.25,14200.32589,267.8652192,3054.120187,-551.8669202,-106.5812487,3400054.12,0.201969043,-0.000843001,562.0646406,-0.190779734,0.221878349,7200
188,1364.588281,51.64359287,2734.747432,-15,0.375,11435.01549,257.9473668,3109.778798,-548.4022564,-108.892357,3400109.779,0.202759986,-0.000647669,559.1087374,-0.196013377,0.21611368,7200
189,1364.111239,51.5985307,2663.670106,-15,0.5,11441.77124,260.2992679,3130.652667,-548.9633283,-108.6724776,3400130.653,0.202752357,-0.000618465,559.6163357,-0.195432723,0.207363809,7200
190,1397.639047,53.56863859,3295.980706,-14.9,-0.5,11427.81846,254.9557054,3086.515041,-565.5642199,-104.0639163,3400086.515,0.202806027,-0.000840967,575.0584193,-0.181964857,0.274904388,7200
191,1392.664325,53.06391152,3228.078581,-14.9,-0.375,10317.87489,29.53340426,3354.249257,-573.6733859,-102.8596621,3400354.249,0.203133521,-0.000798022,582.8218113,-0.177414864,0.262992833,7200
192,1396.401761,53.51492573,3146.265796,-14.9,-0.25,11441.82881,257.2559235,3123.625878,-566.6982283,-103.6560728,3400123.626,0.202789286,-0.000791027,576.1002199,-0.180912396,0.259482891,7200
193,1394.994241,53.47599751,3045.257451,-14.9,-0.125,11440.59178,259.8084243,3118.186866,-565.8379494,-103.788019,3400118.187,0.202818652,-0.000902698,575.2777919,-0.181407079,0.248573432,7200
194,1394.389347,53.47741824,2969.956818,-14.9,0,11432.64601,254.8234783,3098.863341,-564.7757134,-103.9219203,3400098.863,0.202813822,-0.000876077,574.257235,-0.181970148,0.240990096,7200
196,1389.333596,52.96682119,2851.540122,-14.9,0.25,10321.22668,32.2745939,3367.918746,-572.9553684,-102.5493616,3400367.919,0.203103439,-0.000682367,582.0603282,-0.177107834,0.223389023,7200
197,1397.059802,53.78033749,2771.520478,-14.9,0.375,12678.04957,447.2958804,3008.373745,-563.6254485,-103.1741043,3400008.374,0.202393612,-0.000687836,572.9908743,-0.181049874,0.22050998,7200
198,1392.578381,53.39235082,2701.435785,-14.9,0.5,11441.43905,256.0790194,3122.608893,-565.0185936,-103.4223242,3400122.609,0.202754662,-0.000630011,574.4059438,-0.181038227,0.210490326,7200
199,1393.712782,53.45331986,2895.92437,-14.9,0.125,11434.72006,255.9537885,3103.783646,-564.720741,-103.8322326,3400103.784,0.202806217,-0.00084981,574.186945,-0.181833853,0.232774826,7200
200,1451.264507,55.88721512,3298.481106,-14.8,-0.5,14201.70254,236.2878267,3024.262463,-590.1982097,-96.86405431,3400024.262,0.202056106,-0.001190862,598.0941161,-0.162671016,0.272170883,7200
201,1436.161706,55.31591423,3269.575438,-14.8,-0.375,11438.87488,249.8152808,3102.126534,-585.8513235,-98.71070664,3400102.127,0.202799788,-0.000829586,594.1090615,-0.16692323,0.270698895,7200
202,1433.032688,54.82452615,3201.865175,-14.8,-0.25,10316.95808,15.74953827,3346.595939,-593.0064481,-97.61578366,3400346.596,0.203127387,-0.000774051,600.9870953,-0.16314856,0.259235439,7200
203,1432.247881,54.79912569,3123.887891,-14.8,-0.125,10319.69609,17.28916066,3356.159776,-593.128605,-97.49285514,3400356.16,0.203122753,-0.000759482,601.0876798,-0.162913757,0.251007537,7200
204,1431.500625,54.80282038,3048.2864,-14.8,0,10315.09128,15.23524147,3338.321239,-592.0654892,-97.61040202,3400338.321,0.203116115,-0.000727652,600.0577756,-0.163394413,0.243463645,7200
205,1433.367137,55.2638507,2965.459321,-14.8,0.125,11435.11256,251.4073676,3094.083457,-584.3697971,-98.614929,3400094.083,0.202776095,-0.000724968,592.6322333,-0.16717922,0.23899292,7200
206,1448.216302,55.82124653,2871.581943,-14.8,0.25,14201.33538,233.7072897,3026.461264,-589.1150332,-96.41432368,3400026.461,0.201975366,-0.000873726,596.9524639,-0.162221452,0.226975195,7200
207,1428.701452,54.73236062,2821.859024,-14.8,0.375,10315.64067,17.01426571,3341.759144,-591.2547729,-97.43364765,3400341.759,0.203098271,-0.000651875,599.2291066,-0.163323451,0.217998418,7200
208,1427.947127,54.71486701,2746.748168,-14.8,0.5,10313.15619,17.38013173,3331.963682,-590.4730088,-97.47335357,3400331.964,0.20309337,-0.000625623,598.4642251,-0.163601314,0.209242368,7200
209,1488.351306,56.59541302,3410.558867,-14.7,-0.5,10316.46011,0.473995757,3334.775337,-616.6422673,-92.76887462,3400334.775,0.203143052,-0.000830666,623.58139,-0.14932216,0.277005425,7200
210,1492.85911,57.96118762,3290.613979,-14.7,-0.375,16843.92276,133.5493252,3148.820769,-631.5465576,-88.26643515,3400148.821,0.20126429,-0.001244627,637.6848892,-0.138862859,0.261642261,7200
211,1491.754578,57.94620779,3200.272142,-14.7,-0.25,16841.30144,132.0121004,3140.935781,-630.5291998,-88.33324907,3400140.936,0.201272973,-0.001274634,636.6866063,-0.139187964,0.252173399,7200
212,1491.989345,57.93430174,3138.187907,-14.7,-0.125,16845.06602,132.0385112,3151.870968,-631.1069463,-88.10303787,3400151.871,0.201244704,-0.0011679,637.2269007,-0.138704399,0.245583011,7200
213,1497.547737,57.61613219,3071.85976,-14.7,0,14219.79945,226.4516373,3020.869031,-614.4437024,-91.75150968,3400020.869,0.20198703,-0.000950701,621.2563102,-0.148229264,0.245007194,7200
214,1485.181239,57.03979776,3014.088808,-14.7,0.125,11434.99561,243.9044594,3074.161548,-606.8804491,-93.84675291,3400074.162,0.202777999,-0.000733171,614.0937164,-0.153422732,0.240838231,7200
215,1482.66579,56.51208624,2944.246453,-14.7,0.25,10314.40611,0.372796141,3330.596859,-614.5034475,-92.52163332,3400330.597,0.203106584,-0.000686985,621.4295934,-0.149440753,0.228194541,7200
216,1489.467088,57.88392008,2822.479506,-14.7,0.375,16843.56624,124.6605698,3112.535356,-627.4564383,-88.20060499,3400112.535,0.201222245,-0.00106886,633.6252273,-0.139653461,0.209863663,7200
217,1488.258459,57.82149043,2749.359124,-14.7,0.5,16840.53682,132.7920387,3139.913934,-628.4122647,-87.84734715,3400139.914,0.201213421,-0.001023853,634.5227583,-0.138892465,0.200130897,7200
218,1536.52322,59.70310759,3417.148802,-14.6,-0.5,16837.70238,117.9218353,3114.713884,-661.4119915,-84.63177321,3400114.714,0.201294336,-0.00134838,666.8045887,-0.12726466,0.268494798,7200
219,1542.070432,59.4965249,3275.43192,-14.6,-0.375,15637.55806,1380.991746,3060.450601,-650.9588136,-86.33535051,3400060.451,0.201713651,-0.001558524,656.6590971,-0.131858433,0.25590871,7200
220,1535.3169,59.68519812,3261.46943,-14.6,-0.25,16837.7575,117.8481254,3116.800637,-660.900587,-84.46987835,3400116.801,0.201273326,-0.001271778,666.276779,-0.12712106,0.252474414,7200
221,1530.229997,60.28484826,3222.943121,-14.6,-0.125,19544.4947,929.230924,3043.081702,-671.2536474,-82.7142018,3400043.082,0.200418007,-0.001139258,676.3306132,-0.122605412,0.246608844,7200
222,1551.706047,58.79580342,3121.418408,-14.6,0,11439.63461,231.626893,3056.100439,-633.4676532,-89.6400394,3400056.1,0.202815447,-0.000889354,639.7785588,-0.14057356,0.246962136,7200
223,1533.160679,59.59802162,3031.047566,-14.6,0.125,16849.39616,130.9033259,3147.04464,-661.435644,-83.9007846,3400147.045,0.201239161,-0.00115028,666.7356694,-0.126172654,0.226260208,7200
224,1532.998739,59.58498006,2967.668956,-14.6,0.25,16848.76745,126.1248315,3150.057307,-661.5256576,-83.73970801,3400150.057,0.201214734,-0.001041577,666.8047198,-0.125916022,0.219052639,7200
225,1531.654756,59.54842124,2878.190103,-14.6,0.375,16849.08601,130.9605683,3147.4867,-660.6225276,-83.69027763,3400147.487,0.201219091,-0.001062151,665.9025353,-0.126012702,0.208034489,7200
226,1537.165167,59.78571889,2753.371774,-14.6,0.5,17870.10941,934.9162015,3043.198391,-658.4931365,-83.79233552,3400043.198,0.200952837,-0.001274143,663.8029574,-0.126568393,0.192026915,7200
227,1596.864906,61.22077424,3420.03621,-14.5,-0.5,19822.93985,1759.638112,3525.730663,-736.802911,-75.370073,3400525.731,0.200525077,-0.001907602,740.6478094,-0.101938824,0.243127524,7200
228,1603.658501,61.3807854,3488.672048,-14.5,-0.375,19471.02914,1082.551841,3460.847408,-735.4912083,-75.86856877,3400460.847,0.200437338,-0.001137613,739.3939121,-0.102790048,0.255026398,7200
229,1595.469497,61.21939143,3261.094591,-14.5,-0.25,19803.703,1750.50076,3513.677941,-735.3161984,-75.28424732,3400513.678,0.200499487,-0.00181272,739.1600838,-0.102027994,0.22674667,7200
230,1640.096514,61.06668681,3262.751071,-14.5,-0.125,16831.03577,149.5047679,3333.923474,-709.6191409,-78.9691324,3400333.923,0.201260373,-0.001214193,713.9996142,-0.110827826,0.238687116,7200
231,1597.572555,61.41502282,3131.095211,-14.5,0,19491.96204,1029.639744,3349.332588,-724.012866,-76.87905794,3400349.333,0.200526953,-0.001534809,728.0831132,-0.105788252,0.21761442,7200
232,1596.833391,61.39305687,3052.798633,-14.5,0.125,19492.05532,1028.982396,3350.253582,-723.6407346,-76.73443433,3400350.254,0.20051316,-0.001484214,727.6977986,-0.105644619,0.208521708,7200
233,1589.938235,61.35559753,3024.061353,-14.5,0.25,16862.14636,96.12212395,3099.054256,-695.3047803,-80.93986964,3400099.054,0.201211237,-0.001043775,700,-0.115887605,0.217552474,7200
234,1578.996363,61.58706491,2855.159582,-14.5,0.375,18230.44545,1498.411063,3016.45596,-695.3301386,-80.7217315,3400016.456,0.200883818,-0.00146943,699.9999997,-0.11557388,0.194382871,7200
235,1586.991667,61.2844634,2857.692187,-14.5,0.5,16840.58467,104.9176176,3099.166778,-693.8817453,-80.71054558,3400099.167,0.201208574,-0.001000395,698.5599965,-0.115797072,0.196954392,7200
236,2001.919115,61.98516517,3714.512417,-14.4,-0.5,17014.68501,1566.486083,3893.213253,-794.1000095,-71.08723122,3400893.213,0.201106374,-0.000848723,797.2754979,-0.089281259,0.261352849,7200
237,1808.496585,62.13869835,3428.225958,-14.4,-0.25,17234.01736,454.367421,3765.539477,-782.3178396,-72.30853183,3400765.539,0.20116036,-0.00130726,785.6524206,-0.09216672,0.234161102,7200
238,1995.676913,61.99996227,3414.016569,-14.4,-0.125,17228.34701,640.5887196,3874.076566,-790.8022055,-71.0020684,3400874.077,0.201084196,-0.000978202,793.983263,-0.089544763,0.231121364,7200
239,1772.8434,62.09440051,3182.927822,-14.4,0.125,17159.47385,441.3274709,3757.533965,-779.7133567,-72.04985179,3400757.534,0.201148563,-0.001170428,783.0351843,-0.092143892,0.208036259,7200
240,1980.682502,61.82074592,3040.612737,-14.4,0.25,18147.68682,1769.739494,3965.844503,-796.9007738,-69.12812045,3400965.845,0.200905995,-0.001484739,799.8934557,-0.0865296,0.183051063,7200
241,2000.294764,62.03063347,3205.772158,-14.4,0.5,17212.19779,4290.258152,3897.31281,-795.9274853,-70.01280431,3400897.313,0.200845016,0.000169487,799.0008477,-0.087737968,0.211817922,7200
